First Name,Last Name,Category1,Category2,Category3,Category4,Category5,Email
Carolyne,Abeles,4,4,1,5,5,abelesc@school.edu
Batsheva,Abrams,4,2,5,2,1,abramsb@school.edu
Arvin,Adrian,5,4,2,5,5,adriana@school.edu
Michail,Aldins,3,1,3,4,2,aldinsm@school.edu
Valry,Aldwich,5,5,2,5,2,aldwicv@school.edu
Dayna,Aldwinckle,1,5,5,3,1,aldwind@school.edu
Angus,Algore,3,1,1,3,2,algorea@school.edu
Ashton,Aloshikin,1,3,5,4,3,aloshia@school.edu
Demetre,Alyonov,1,4,4,1,2,alyonod@school.edu
Hakeem,Andrioletti,1,5,5,3,2,andrioh@school.edu
Burk,Angrave,3,2,2,1,4,angravb@school.edu
Bibby,Annets,1,2,4,4,4,annetsb@school.edu
Ema,Annett,3,4,3,2,2,annette@school.edu
Brocky,Antushev,5,1,3,5,1,antushb@school.edu
Collin,Arthur,2,2,1,5,5,arthurc@school.edu
Maurine,Ashforth,,,,,,ashform@school.edu
Janeczka,Asker,5,2,3,3,4,askerj@school.edu
Lizzy,Askey,4,3,1,5,4,askeyl@school.edu
Norton,Asmus,5,5,3,2,1,asmusn@school.edu
Jimmie,Audley,1,4,4,1,1,audleyj@school.edu
Marty,Awde,2,5,1,1,1,awdem@school.edu
Lucilia,Babb,4,5,5,1,1,babbl@school.edu
Sly,Babber,3,3,4,1,5,babbers@school.edu
Rayna,Baccup,,,,,,baccupr@school.edu
Phylis,Baffin,2,4,1,2,2,baffinp@school.edu
Broderic,Baker,4,5,2,5,3,bakerb@school.edu
Noby,Baptie,4,1,4,4,3,baptien@school.edu
Zelda,Barkess,2,3,5,1,1,barkesz@school.edu
Ilsa,Baroch,4,2,4,2,2,barochi@school.edu
Blakeley,Bartul,2,4,5,2,3,bartulb@school.edu
Ronica,Baumaier,5,1,1,1,4,baumair@school.edu
Zsazsa,Beach,2,5,1,4,5,beachz@school.edu
Ileane,Beaford,1,1,4,5,2,beafori@school.edu
Sylvan,Beddis,2,1,2,2,2,beddiss@school.edu
Tristam,Belfrage,1,2,4,4,5,belfrat@school.edu
Anet,Bellward,1,2,2,2,1,bellwaa@school.edu
Gertrud,Benyon,5,5,3,5,1,benyong@school.edu
Koenraad,Berrisford,5,5,5,5,1,berrisk@school.edu
Jena,Betho,5,3,2,3,1,bethoj@school.edu
Bernelle,Bicheno,1,1,5,4,3,bichenb@school.edu
Ada,Bladon,4,3,4,5,4,bladona@school.edu
Caleb,Blamey,3,3,4,1,5,blameyc@school.edu
Rodrick,Bleeze,4,2,4,3,3,bleezer@school.edu
Gawen,Bolley,1,2,1,5,4,bolleyg@school.edu
Samuel,Bonome,3,3,3,1,1,bonomes@school.edu
Kevyn,Booker,4,4,1,4,4,bookerk@school.edu
Hugo,Boorman,4,5,5,1,2,boormah@school.edu
Caterina,Bossingham,2,5,5,5,4,bossinc@school.edu
Padget,Boswood,3,2,2,1,4,boswoop@school.edu
Emera,Bradwell,3,4,2,5,5,bradwee@school.edu
Pierson,Bradwell,3,4,4,5,2,bradwep@school.edu
Roscoe,Braidley,5,1,5,1,2,braidlr@school.edu
Pavia,Brainsby,3,1,4,1,2,brainsp@school.edu
Wallie,Bramsom,3,3,2,3,5,bramsow@school.edu
Joyann,Bransdon,3,3,2,4,5,bransdj@school.edu
Fernande,Braxton,4,3,4,1,1,braxtof@school.edu
Henka,Brewood,2,5,3,5,4,brewooh@school.edu
Oralia,Brind,2,3,4,1,2,brindo@school.edu
Selia,Brindle,4,2,5,4,3,brindls@school.edu
Jeno,Brittles,5,2,2,4,1,brittlj@school.edu
Walker,Brizell,3,2,2,5,4,brizelw@school.edu
Ricki,Brunone,4,1,5,5,3,brunonr@school.edu
Kendre,Brychan,5,5,3,3,2,brychak@school.edu
Carolynn,Buggs,1,2,3,3,4,buggsc@school.edu
Kevan,Bullar,5,3,1,3,4,bullark@school.edu
Uri,Bumphrey,2,1,4,3,3,bumphru@school.edu
Jarib,Bunson,2,5,2,2,2,bunsonj@school.edu
Turner,Burbridge,1,2,4,1,5,burbrit@school.edu
Yancey,Burbridge,1,2,2,3,3,burbriy@school.edu
Theodosia,Burnsall,1,4,2,4,2,burnsat@school.edu
Ermengarde,Butler-Bowdon,1,3,2,5,5,butlere@school.edu
Karrie,Bysh,3,5,4,5,5,byshk@school.edu
Imelda,Calkin,4,3,5,3,4,calkini@school.edu
Sanson,Cammock,3,4,3,5,1,cammocs@school.edu
Dari,Carp,1,1,2,4,4,carpd@school.edu
Olly,Caseborne,1,4,3,1,2,caseboo@school.edu
Linnet,Castane,1,4,2,4,4,castanl@school.edu
Tallie,Catto,3,3,1,5,5,cattot@school.edu
Paolo,Charer,4,5,2,4,4,charerp@school.edu
Erhart,Chark,4,5,4,5,4,charke@school.edu
Linnie,Charnock,5,5,1,5,3,charnol@school.edu
Ninon,Chattaway,3,2,4,4,5,chattan@school.edu
Ailene,Cheales,2,2,2,2,1,chealea@school.edu
Katharina,Chill,5,2,4,3,5,chillk@school.edu
Ilse,Clampett,,,,,,clampei@school.edu
Greer,Cleugher,1,4,5,3,5,cleughg@school.edu
Thor,Cluney,2,5,5,5,3,cluneyt@school.edu
Matthieu,Coats,1,2,4,1,2,coatsm@school.edu
Marybeth,Cobbe,2,1,4,4,2,cobbem@school.edu
Luigi,Cock,3,5,3,2,2,cockl@school.edu
Meggie,Cockland,2,5,2,5,5,cocklam@school.edu
Freeland,Coffelt,5,2,4,5,3,coffelf@school.edu
Van,Coils,1,3,2,1,3,coilsv@school.edu
Dimitri,Colecrough,3,4,5,1,2,colecrd@school.edu
Mordecai,Colleran,3,4,3,5,2,collerm@school.edu
Alastair,Colton,1,3,2,4,3,coltona@school.edu
Ulick,Connick,,,,,,connicu@school.edu
Kassey,Coonihan,3,1,1,3,1,coonihk@school.edu
Elmore,Corder,3,4,2,4,1,cordere@school.edu
Wendye,Cordova,5,5,5,2,2,cordovw@school.edu
Emelen,Cottrill,,,,,,cottrie@school.edu
Tiphanie,Counsell,4,5,4,1,2,counset@school.edu
Daphna,Cranmore,4,5,3,4,2,cranmod@school.edu
Auroora,Crichmere,3,2,2,5,5,crichma@school.edu
Niccolo,Cristoferi,4,2,3,5,3,criston@school.edu
Cathy,Crowdy,3,2,5,2,3,crowdyc@school.edu
Raimund,Curd,,,,,,curdr@school.edu
Adlai,Dablin,4,1,1,5,2,dablina@school.edu
Eloisa,Dafydd,1,3,4,5,4,dafydde@school.edu
Maurizia,Dahlen,3,5,2,1,3,dahlenm@school.edu
Perl,Damrell,3,2,3,4,2,damrelp@school.edu
Kimball,Danels,5,3,2,1,5,danelsk@school.edu
Vilma,Danet,4,5,5,3,1,danetv@school.edu
Livy,Danihel,3,2,1,1,2,danihel@school.edu
Orrin,Danihelka,3,2,4,2,1,daniheo@school.edu
Clarissa,De la Perrelle,3,4,5,1,3,de la c@school.edu
Cody,Dedon,2,2,1,5,1,dedonc@school.edu
Erminie,Degli Antoni,4,4,3,4,2,degli e@school.edu
Geneva,Degoey,2,2,3,4,4,degoeyg@school.edu
Curran,Delacroux,4,3,4,4,3,delacrc@school.edu
Katleen,Densey,5,4,1,4,5,denseyk@school.edu
Marne,Diament,2,2,4,2,3,diamenm@school.edu
Myrah,Dieton,3,2,2,3,1,dietonm@school.edu
Tommi,Dilston,1,2,4,3,4,dilstot@school.edu
Tammie,Divell,4,5,1,5,3,divellt@school.edu
Nixie,Doberer,5,2,5,1,5,doberen@school.edu
Kimberley,Domenicone,4,1,3,4,1,domenik@school.edu
Kori,Dower,5,1,3,3,4,dowerk@school.edu
Camel,Doxsey,3,4,5,4,4,doxseyc@school.edu
Ginny,Dragonette,1,3,4,2,2,dragong@school.edu
Alastair,Dreier,4,4,3,1,2,dreiera@school.edu
Elisabeth,Du Hamel,5,4,3,3,3,du hame@school.edu
Norton,Duddridge,2,1,4,1,2,duddrin@school.edu
Arte,Duffell,3,5,1,5,4,duffela@school.edu
Gerladina,Dundredge,4,2,1,5,5,dundreg@school.edu
Donetta,Dunn,3,3,5,3,1,dunnd@school.edu
Olly,Dunwoody,5,4,4,2,2,dunwooo@school.edu
Bettye,Durdle,5,1,1,4,2,durdleb@school.edu
Perri,Eason,4,4,2,3,4,easonp@school.edu
Sheridan,Easthope,2,2,5,5,2,easthos@school.edu
Sephira,Echallier,1,3,2,5,4,echalls@school.edu
Ginevra,Edgecumbe,4,1,1,3,5,edgecug@school.edu
Cozmo,Eilles,5,4,4,2,2,eillesc@school.edu
Analise,Elsom,4,3,1,1,5,elsoma@school.edu
Malory,Emons,3,4,1,4,5,emonsm@school.edu
Willey,Enderwick,2,5,1,3,2,enderww@school.edu
Rodolphe,Entwisle,2,2,3,1,3,entwisr@school.edu
Ansell,Errichelli,2,5,3,1,1,erricha@school.edu
Berri,Esherwood,4,4,3,2,5,esherwb@school.edu
Maryrose,Espinal,2,5,2,4,1,espinam@school.edu
Ronny,Faas,2,1,1,3,2,faasr@school.edu
Mary,Fairburne,5,3,5,2,5,fairbum@school.edu
Galina,Fairhurst,4,4,2,1,5,fairhug@school.edu
Tabbie,Fawkes,5,1,4,2,5,fawkest@school.edu
Nelly,Fazackerley,5,1,4,4,2,fazackn@school.edu
Glyn,Fearn,5,1,3,4,1,fearng@school.edu
Chadd,Filer,1,4,3,2,1,filerc@school.edu
Stanislaw,Filoniere,4,2,2,5,2,filonis@school.edu
Donielle,Flaxman,2,2,2,4,2,flaxmad@school.edu
Enoch,Follen,3,5,3,5,1,follene@school.edu
Maybelle,Formilli,5,1,3,1,2,formilm@school.edu
Ellette,Fowle,4,5,2,4,5,fowlee@school.edu
Freddy,Francescotti,3,3,5,3,2,francef@school.edu
Karon,Freckingham,4,4,5,4,1,freckik@school.edu
Tasha,Freschi,3,3,3,4,4,frescht@school.edu
Vivyan,Furzer,4,2,4,3,2,furzerv@school.edu
Luise,Gaine of England,2,4,4,3,1,gaine l@school.edu
Jeannie,Galland,2,2,5,3,1,gallanj@school.edu
Genna,Galliver,1,5,2,1,4,gallivg@school.edu
Melisa,Getch,3,5,1,2,2,getchm@school.edu
Melody,Gierok,2,1,5,2,1,gierokm@school.edu
Eleonore,Giffin,3,5,4,2,1,giffine@school.edu
Woodie,Giffon,4,3,3,2,5,giffonw@school.edu
Caprice,Gilbride,,,,,,gilbric@school.edu
Vanya,Gillean,5,5,4,4,1,gilleav@school.edu
Merrill,Gilliard,,,,,,gilliam@school.edu
Shaughn,Glas,2,1,4,3,4,glass@school.edu
Moreen,Glassborow,5,1,4,4,3,glassbm@school.edu
Noach,Glaze,4,2,5,2,5,glazen@school.edu
Magdalene,Godball,5,1,2,3,2,godbalm@school.edu
Lenee,Goldston,4,4,3,5,3,goldstl@school.edu
Padriac,Goodhand,4,3,1,4,4,goodhap@school.edu
Selene,Gordge,1,3,1,2,3,gordges@school.edu
Franky,Goulstone,3,3,1,3,2,goulstf@school.edu
Rheba,Govier,3,4,2,2,3,govierr@school.edu
Claudelle,Gowenlock,1,2,2,2,4,gowenlc@school.edu
Nickolai,Graben,5,2,4,3,4,grabenn@school.edu
Kym,Grant,3,4,3,2,3,grantk@school.edu
Aurelia,Grayling,3,4,4,5,5,graylia@school.edu
Yoko,Grennan,,,,,,grennay@school.edu
Faustina,Grimsdike,5,2,5,3,5,grimsdf@school.edu
Fiorenze,Groucock,1,5,4,1,3,groucof@school.edu
Brock,Guildford,2,2,2,4,1,guildfb@school.edu
Nil,Guisot,1,1,4,3,4,guisotn@school.edu
Vittoria,Hammerton,5,5,1,5,4,hammerv@school.edu
Rozanna,Hanbury,1,3,5,1,3,hanburr@school.edu
Reagan,Hanretty,3,4,5,2,4,hanretr@school.edu
Annamaria,Hansley,4,5,2,2,4,hanslea@school.edu
Leicester,Harness,5,1,1,1,1,harnesl@school.edu
Fenelia,Hattam,3,1,2,3,4,hattamf@school.edu
Nappy,Haylock,1,1,1,3,2,haylocn@school.edu
Gideon,Hearthfield,4,4,3,1,5,hearthg@school.edu
Reggi,Heffernon,1,3,4,4,3,hefferr@school.edu
Debera,Heifer,4,3,3,2,3,heiferd@school.edu
Jdavie,Hellard,4,5,2,5,1,hellarj@school.edu
Carney,Henrys,3,2,3,3,4,henrysc@school.edu
Jannelle,Higounet,2,1,4,3,4,higounj@school.edu
Abbye,Hillborne,4,1,2,2,4,hillboa@school.edu
Packston,Hollows,4,3,1,3,3,hollowp@school.edu
Fae,Horbart,5,2,1,2,5,horbarf@school.edu
Cecil,Housby,1,5,3,2,5,housbyc@school.edu
Jess,Humpherston,2,4,5,2,4,humphej@school.edu
Sande,Humphries,5,5,2,4,3,humphrs@school.edu
Merrie,Hurdidge,4,5,4,5,5,hurdidm@school.edu
Colman,Hutchinges,1,3,4,3,5,hutchic@school.edu
Andriette,Huttley,4,4,2,3,2,huttlea@school.edu
Kari,Iacofo,3,5,5,5,3,iacofok@school.edu
Bronny,Illes,3,1,1,2,3,illesb@school.edu
Cele,Impey,1,3,3,2,4,impeyc@school.edu
Elisha,Isoldi,1,4,4,5,2,isoldie@school.edu
Nancie,Jacobs,3,2,2,4,5,jacobsn@school.edu
Gina,Jacqueme,1,1,5,2,3,jacqueg@school.edu
Rebekkah,Jaggli,4,1,4,1,2,jagglir@school.edu
Shayna,Janoschek,1,4,5,5,5,janoscs@school.edu
Petra,Jeffs,3,2,1,4,1,jeffsp@school.edu
Matthew,Jepensen,5,1,1,1,2,jepensm@school.edu
Lyndel,Jeynes,2,1,2,2,3,jeynesl@school.edu
Elinore,Joubert,1,2,5,1,5,joubere@school.edu
Korie,Kachel,3,2,3,2,1,kachelk@school.edu
Benoit,Kalinsky,3,2,3,3,1,kalinsb@school.edu
Jolyn,Kanzler,3,5,2,2,5,kanzlej@school.edu
Broddy,Kareman,3,1,4,2,2,karemab@school.edu
Happy,Keddie,3,5,1,4,1,keddieh@school.edu
Tammy,Keeves,3,2,3,2,2,keevest@school.edu
Tessie,Kellogg,3,1,4,1,5,kellogt@school.edu
Antone,Kendrew,5,2,5,1,3,kendrea@school.edu
Guglielma,Kenn,2,5,2,3,3,kenng@school.edu
Nickola,Kennon,2,4,2,2,4,kennonn@school.edu
Haskel,Kibblewhite,1,5,3,5,4,kibbleh@school.edu
Greg,Kildahl,3,4,2,3,3,kildahg@school.edu
Mariejeanne,Kilkenny,1,4,1,5,4,kilkenm@school.edu
George,Kimmings,2,2,2,5,3,kimming@school.edu
Reinold,Kincey,4,1,1,3,2,kinceyr@school.edu
Melita,Kloser,4,5,1,2,1,kloserm@school.edu
Odie,Kneaphsey,5,4,2,1,1,kneapho@school.edu
Paulo,Knight,1,2,5,3,1,knightp@school.edu
Lexis,Knutton,3,2,4,4,1,knuttol@school.edu
Lanny,Kobierzycki,2,3,5,1,2,kobierl@school.edu
Molli,Kohlert,3,4,4,4,1,kohlerm@school.edu
Florrie,Kopecka,4,3,5,5,1,kopeckf@school.edu
Laryssa,Krienke,1,4,5,1,5,krienkl@school.edu
Montgomery,Kryszkiecicz,4,5,4,3,3,kryszkm@school.edu
Jewell,Kunisch,5,2,3,1,3,kuniscj@school.edu
Tonie,Kurten,1,1,2,4,5,kurtent@school.edu
Katlin,La Croce,3,4,2,5,2,la crok@school.edu
Trudi,Lacaze,3,3,2,1,5,lacazet@school.edu
Blanch,Lacrouts,2,5,2,2,1,lacroub@school.edu
Garnette,Ladley,4,5,2,2,5,ladleyg@school.edu
Dorri,Lafflina,2,5,1,3,2,lafflid@school.edu
Fleur,Laingmaid,3,4,3,2,3,laingmf@school.edu
Rozamond,Lambden,4,4,2,5,1,lambder@school.edu
Mira,Lambell,2,1,5,4,2,lambelm@school.edu
Tobye,Lambertini,4,3,1,3,5,lambert@school.edu
Kira,Lamp,,,,,,lampk@school.edu
Aretha,Lampl,1,1,4,4,4,lampla@school.edu
Dorine,Lamzed,1,4,1,3,4,lamzedd@school.edu
Ula,Lanbertoni,5,5,1,2,4,lanberu@school.edu
Moshe,Landrieu,3,3,5,2,1,landrim@school.edu
Andriette,Larby,5,4,1,2,2,larbya@school.edu
Vivyan,Larive,1,2,2,1,4,larivev@school.edu
Alikee,Laughrey,5,2,1,3,1,laughra@school.edu
Maggi,Leak,4,3,3,1,2,leakm@school.edu
Damian,Lean,4,3,1,4,4,leand@school.edu
Kory,Learie,5,2,5,3,2,leariek@school.edu
Greggory,Ledger,5,3,4,1,3,ledgerg@school.edu
Gavan,Leyfield,4,2,5,4,5,leyfieg@school.edu
Nikola,Libreros,3,1,5,4,5,librern@school.edu
Yuma,Lidington,3,3,1,5,1,lidingy@school.edu
Minna,Linbohm,3,2,1,3,2,linbohm@school.edu
Irene,Lindemann,5,5,3,4,5,lindemi@school.edu
Juditha,Livens,5,1,2,4,3,livensj@school.edu
Gallard,Longbottom,,,,,,longbog@school.edu
Evangeline,Longland,5,4,2,3,2,longlae@school.edu
Tammie,Luparto,4,3,1,3,2,lupartt@school.edu
Maurise,Luxford,3,2,3,4,4,luxform@school.edu
Nady,Lyngsted,4,5,1,4,5,lyngstn@school.edu
Michaela,Lysons,2,4,4,1,5,lysonsm@school.edu
Dannie,MacCrackan,1,2,2,1,3,maccrad@school.edu
Mychal,Marns,1,3,2,4,1,marnsm@school.edu
Judas,Marshallsay,4,4,5,5,5,marshaj@school.edu
Brandy,Marshland,2,2,4,3,5,marshlb@school.edu
Bee,Mashro,5,4,2,1,3,mashrob@school.edu
Margot,Mather,3,5,5,3,2,matherm@school.edu
Gae,Mattedi,5,1,2,3,2,mattedg@school.edu
Fredrika,Matthieson,3,4,2,4,5,matthif@school.edu
Devon,Mattis,,,,,,mattisd@school.edu
Lincoln,McArthur,2,1,3,4,3,mcarthl@school.edu
Errol,McCague,3,5,2,4,3,mccague@school.edu
Tuck,McCarlie,,,,,,mccarlt@school.edu
Allix,McCord,2,5,3,1,2,mccorda@school.edu
Francesca,McCormack,5,5,1,5,3,mccormf@school.edu
Virgil,McCrie,5,5,1,2,4,mccriev@school.edu
Ezri,McDaid,2,3,5,3,2,mcdaide@school.edu
Winfred,McGifford,4,2,2,4,3,mcgiffw@school.edu
Jilly,McKendo,2,1,3,2,3,mckendj@school.edu
Theo,McKendo,5,4,3,4,1,mckendt@school.edu
Sydelle,McLaughlan,2,3,4,3,1,mclaugs@school.edu
Rodolfo,McLese,4,3,4,1,5,mcleser@school.edu
Maurie,Meadley,4,3,2,5,3,meadlem@school.edu
Royal,Medler,3,2,4,2,2,medlerr@school.edu
Verena,Meneely,1,5,2,4,2,meneelv@school.edu
De witt,Meran,2,1,4,5,5,merand@school.edu
Arlen,Mercy,4,4,1,1,4,mercya@school.edu
Blondie,Merrill,5,4,2,2,1,merrilb@school.edu
Robinett,Merrison,4,1,2,3,1,merrisr@school.edu
Dill,Mettrick,3,5,2,3,5,mettrid@school.edu
Zared,Monkman,2,1,5,2,1,monkmaz@school.edu
Maryanne,Monteath,5,2,3,4,5,monteam@school.edu
Margery,Morgan,1,1,3,4,3,morganm@school.edu
Tobin,Morritt,1,3,5,3,1,morritt@school.edu
Teresina,Mosedall,3,3,3,5,1,mosedat@school.edu
Thane,Moxstead,1,5,2,3,2,moxstet@school.edu
Alister,Murphy,3,3,4,5,3,murphya@school.edu
Cirstoforo,Newby,3,4,1,5,1,newbyc@school.edu
Melitta,Nisbith,1,2,5,1,1,nisbitm@school.edu
Kattie,Norman,3,3,1,4,2,normank@school.edu
Ives,O'Crevy,5,1,3,2,5,o'crevi@school.edu
Alexandra,O'Crotty,2,2,3,5,1,o'crota@school.edu
Wallie,Odell,2,3,1,5,5,odellw@school.edu
Haskel,O'Hickey,2,5,2,5,5,o'hickh@school.edu
Lyon,Oldroyd,1,4,2,3,4,oldroyl@school.edu
Karlan,Olsen,2,2,4,4,4,olsenk@school.edu
Kleon,Orht,1,5,5,4,2,orhtk@school.edu
Lizzy,Orpyne,2,5,3,5,4,orpynel@school.edu
Klement,Osipenko,5,4,1,5,5,osipenk@school.edu
Rivy,Otridge,3,4,2,2,2,otridgr@school.edu
Marty,Padginton,3,3,3,2,4,padginm@school.edu
Lamond,Pagel,3,4,3,5,1,pagell@school.edu
Ozzie,Palfreyman,5,4,3,5,2,palfreo@school.edu
Stephani,Parkman,3,3,5,2,5,parkmas@school.edu
Hermina,Parsonson,2,5,1,3,4,parsonh@school.edu
Dari,Partner,1,5,3,5,5,partned@school.edu
Roderigo,Pecha,2,3,2,1,2,pechar@school.edu
Giana,Peiro,1,2,2,3,2,peirog@school.edu
Donavon,Pennycook,2,5,3,5,2,pennycd@school.edu
Kip,Penrose,5,1,2,5,4,penrosk@school.edu
Lynnelle,Perigoe,1,2,5,1,3,perigol@school.edu
Sylvan,Perrelli,1,2,5,4,3,perrels@school.edu
Pauletta,Pessler,3,2,5,1,3,pesslep@school.edu
Baxter,Piborn,5,3,3,1,4,pibornb@school.edu
Webster,Pickford,3,2,3,1,4,pickfow@school.edu
Tybalt,Pickle,5,3,2,5,2,picklet@school.edu
Adoree,Pieper,5,3,3,4,4,piepera@school.edu
Aristotle,Pillans,1,1,3,2,4,pillana@school.edu
Jere,Pincked,1,4,2,1,2,pinckej@school.edu
Mureil,Pinnock,1,1,3,3,1,pinnocm@school.edu
Gwennie,Pippin,4,5,4,5,2,pipping@school.edu
Wiley,Piscotti,4,3,1,2,5,piscotw@school.edu
Joan,Placidi,3,3,3,3,3,placidj@school.edu
Jonis,Plaistowe,3,4,2,5,4,plaistj@school.edu
Xerxes,Plinck,3,2,4,3,2,plinckx@school.edu
Ezekiel,Pods,5,3,3,5,4,podse@school.edu
Philip,Potte,3,3,4,2,4,pottep@school.edu
Shirley,Priestner,2,5,2,4,4,priests@school.edu
Christi,Priter,5,1,3,2,2,priterc@school.edu
Marcello,Pulham,1,2,3,3,1,pulhamm@school.edu
Beverlie,Quincee,3,4,3,2,2,quinceb@school.edu
Kipper,Rallin,4,4,5,2,3,rallink@school.edu
Zebadiah,Rambaut,1,5,2,1,1,rambauz@school.edu
Jeremie,Rapsey,5,5,2,1,1,rapseyj@school.edu
Alyda,Rawes,5,5,1,5,2,rawesa@school.edu
Grantley,Rawkesby,5,5,4,4,1,rawkesg@school.edu
Seline,Reach,4,1,1,4,3,reachs@school.edu
Buddie,Reddle,3,1,4,3,3,reddleb@school.edu
Gerardo,Reddyhoff,4,2,5,1,1,reddyhg@school.edu
Regina,Redholls,1,1,2,5,5,redholr@school.edu
Kerrie,Renad,5,5,5,2,5,renadk@school.edu
Lindie,Renwick,1,5,4,4,1,renwicl@school.edu
Margarete,Renzullo,4,4,5,5,4,renzulm@school.edu
Sigismundo,Reuter,5,2,1,4,3,reuters@school.edu
Josselyn,Reyna,2,1,2,5,4,reynaj@school.edu
Audy,Reynalds,1,1,1,4,3,reynala@school.edu
Wayland,Rickeard,1,1,2,5,4,rickeaw@school.edu
Katleen,Ridd,1,2,1,1,5,riddk@school.edu
Yardley,Rizzotto,5,2,5,2,4,rizzoty@school.edu
Jessalin,Rockey,2,1,1,3,5,rockeyj@school.edu
Alikee,Rodolf,4,5,4,1,5,rodolfa@school.edu
Garreth,Roman,5,5,3,5,1,romang@school.edu
Cairistiona,Ronchka,3,4,3,1,5,ronchkc@school.edu
Reed,Rosenfelder,2,1,1,3,4,rosenfr@school.edu
Hashim,Rosier,3,2,3,5,4,rosierh@school.edu
Foster,Rosnau,2,3,2,1,5,rosnauf@school.edu
Zandra,Roswarn,5,5,2,4,5,roswarz@school.edu
Jard,Rowbrey,4,2,5,5,1,rowbrej@school.edu
Cherida,Ryhorovich,1,3,2,2,3,ryhoroc@school.edu
Jaquith,Sach,1,4,5,2,5,sachj@school.edu
Amandy,Saffer,2,3,1,5,3,saffera@school.edu
Merci,Sander,5,1,4,3,2,sanderm@school.edu
Niles,Sarjent,5,3,2,1,1,sarjenn@school.edu
Devan,Sarra,3,3,3,1,2,sarrad@school.edu
Corbet,Scheffel,2,5,1,1,5,scheffc@school.edu
Mab,Schimann,4,5,5,4,1,schimam@school.edu
Anna-diana,Schutte,1,3,5,4,3,schutta@school.edu
Wilow,Scolts,2,3,5,2,4,scoltsw@school.edu
Courtney,Scotting,5,1,3,1,3,scottic@school.edu
Cassandry,Scrinage,4,4,1,3,4,scrinac@school.edu
Sisile,Seakin,1,2,3,4,3,seakins@school.edu
Hilliary,Shakesby,4,3,1,5,2,shakesh@school.edu
Minne,Shapero,4,4,4,1,5,shaperm@school.edu
Rosabel,Shepperd,5,5,2,4,2,shepper@school.edu
Jakie,Sherborn,5,1,4,3,2,sherboj@school.edu
Forster,Sherbrook,3,1,5,3,4,sherbrf@school.edu
Barnard,Shorrock,4,2,2,1,4,shorrob@school.edu
Deloris,Shorthill,3,4,1,3,2,shorthd@school.edu
Ellerey,Shrive,5,4,4,1,5,shrivee@school.edu
Jaynell,Sidebotton,2,2,5,2,4,sideboj@school.edu
Ketti,Silbert,2,4,3,1,4,silberk@school.edu
Alvan,Sim,1,1,1,4,2,sima@school.edu
Isobel,Simms,1,4,4,5,4,simmsi@school.edu
Hilliard,Simonard,5,2,2,1,2,simonah@school.edu
Milt,Simonich,4,2,5,5,2,simonim@school.edu
Genni,Skace,1,5,4,1,2,skaceg@school.edu
Wanids,Sleite,1,1,2,5,4,sleitew@school.edu
Greg,Smith,1,5,4,5,3,smithg@school.edu
Greg,Smith,2,2,1,3,3,smithg2@school.edu
Allie,Snarie,3,5,1,2,4,snariea@school.edu
Eamon,Snawdon,1,4,3,3,3,snawdoe@school.edu
Bernice,Soggee,4,2,2,5,1,soggeeb@school.edu
Karilynn,Soppitt,2,4,3,3,4,soppitk@school.edu
Hilary,Sowray,5,2,5,2,4,sowrayh@school.edu
Anatol,Spaven,3,1,4,1,5,spavena@school.edu
Emyle,Spens,4,1,5,4,1,spense@school.edu
Shea,Sproule,4,1,3,2,1,sprouls@school.edu
Willyt,Squires,2,4,1,4,3,squirew@school.edu
Brendan,Staten,1,2,4,3,5,statenb@school.edu
Zacharie,Stedell,1,2,5,2,2,stedelz@school.edu
Travers,Stegel,3,5,2,2,4,stegelt@school.edu
Cherri,Stennett,1,1,1,4,1,stennec@school.edu
Bennie,Stenning,3,2,5,2,5,stennib@school.edu
Casie,Stichel,4,2,1,1,4,stichec@school.edu
Heidi,Stidston,5,3,3,5,2,stidsth@school.edu
Reginauld,Stigers,2,2,2,4,1,stigerr@school.edu
Hewett,Storch,3,2,4,1,3,storchh@school.edu
Dougie,Storrie,2,5,3,3,1,storrid@school.edu
Jeremias,Strowthers,2,4,5,3,2,strowtj@school.edu
Tomasine,Stuchberry,4,5,1,2,2,stuchbt@school.edu
Ruthi,Studeart,5,1,4,5,3,studear@school.edu
Selby,Sukbhans,5,1,2,4,5,sukbhas@school.edu
Ilysa,Sunock,1,4,2,2,4,sunocki@school.edu
Jaimie,Swaile,4,1,1,4,4,swailej@school.edu
Janine,Sydes,5,4,4,2,3,sydesj@school.edu
Monty,Tapton,1,2,4,2,5,taptonm@school.edu
Daryl,Tattersfield,3,3,2,5,5,tatterd@school.edu
Guinna,Taylor,5,5,3,2,2,taylorg@school.edu
Nicko,Tennant,2,1,2,3,4,tennann@school.edu
Massimo,Thorlby,1,5,4,4,5,thorlbm@school.edu
Hamilton,Tilte,,,,,,tilteh@school.edu
Holt,Tooth,2,4,5,2,2,toothh@school.edu
Vida,Treeby,2,1,2,1,5,treebyv@school.edu
Sascha,Tremollet,4,2,1,2,5,tremols@school.edu
Harlene,Treversh,3,2,1,2,5,treverh@school.edu
Friederike,Trowsdale,1,4,3,4,5,trowsdf@school.edu
Andie,Tungay,5,2,5,5,3,tungaya@school.edu
Paolo,Turton,1,1,1,4,1,turtonp@school.edu
Audrye,Twaite,5,2,2,5,1,twaitea@school.edu
Billy,Vamplus,5,1,3,4,5,vamplub@school.edu
Patrizia,Van den Velden,3,1,2,5,4,van dep@school.edu
Jaimie,Vautrey,2,4,5,1,3,vautrej@school.edu
Morgan,Venard,5,4,3,4,2,venardm@school.edu
Melamie,Wadman,4,4,2,4,4,wadmanm@school.edu
Jacenta,Wakeham,1,4,3,4,2,wakehaj@school.edu
Obadiah,Walthew,2,3,4,1,2,waltheo@school.edu
Goran,Warfield,5,3,5,1,2,warfieg@school.edu
Salvatore,Warkup,2,1,4,5,3,warkups@school.edu
Aigneis,Watting,4,5,4,2,4,wattina@school.edu
Dyann,Wawer,1,3,4,2,2,wawerd@school.edu
Nikos,Wellwood,2,4,3,5,4,wellwon@school.edu
Maxine,Wewell,3,3,5,3,4,wewellm@school.edu
Blane,Wheatcroft,5,2,2,5,5,wheatcb@school.edu
Chiarra,Willbourne,3,4,3,2,5,willboc@school.edu
Georgie,Willwood,1,2,1,2,3,willwog@school.edu
Mira,Wilsone,4,3,4,3,3,wilsonm@school.edu
Amandy,Windrass,5,1,4,3,3,windraa@school.edu
Nicol,Wissby,5,4,4,4,2,wissbyn@school.edu
Fianna,Witt,5,4,1,5,1,wittf@school.edu
Suzy,Wolseley,4,3,3,5,4,wolsels@school.edu
Ranna,Worcester,4,3,3,3,5,worcesr@school.edu
Thacher,Worgan,2,2,5,2,1,worgant@school.edu
Mort,Worrill,5,5,5,1,1,worrilm@school.edu
Darcy,Wortt,3,3,2,4,1,worttd@school.edu
Svend,Wyant,3,3,3,4,4,wyants@school.edu
Consuelo,Wyss,3,2,2,3,3,wyssc@school.edu
Tulley,Yakob,3,2,3,2,1,yakobt@school.edu
Bell,Yallowley,1,5,2,1,1,yallowb@school.edu
Ginny,Yanyshev,3,2,4,2,2,yanyshg@school.edu
Joanna,Yashanov,5,2,3,2,4,yashanj@school.edu
Ingaborg,Zannuto,4,4,3,4,5,zannuti@school.edu
Catie,Zecchetti,1,2,5,3,4,zecchec@school.edu
Gus,Zecchetti,5,2,2,4,1,zeccheg@school.edu
Dannel,Zumbusch,2,1,2,3,4,zumbusd@school.edu
