First Name,Last Name,Major(s),Year,Standing,Email
Kym,Grant,CS,Y3,JR,grantk@school.edu
Wallie,Odell,PH,Y1,FR,odellw@school.edu
Adoree,Pieper,CHEM,Y2,FR,piepera@school.edu
Carolyne,Abeles,BE,Y3,SO,abelesc@school.edu
Dannel,Zumbusch,PH,Y1,SO,zumbusd@school.edu
Geneva,Degoey,CS,Y5,SR,degoeyg@school.edu
Arlen,Mercy,CHE,Y1,FR,mercya@school.edu
Brock,Guildford,SE,Y5,SR,guildfb@school.edu
Garreth,Roman,EE,Y3,SR,romang@school.edu
Margery,Morgan,MA,Y2,FR,morganm@school.edu
Blondie,Merrill,SE,Y2,JR,merrilb@school.edu
Marcello,Pulham,PH,Y2,SO,pulhamm@school.edu
Bernelle,Bicheno,CHEM,Y3,JR,bichenb@school.edu
Ilysa,Sunock,SE,Y2,SO,sunocki@school.edu
Caprice,Gilbride,SE,Y1,FR,gilbric@school.edu
Erhart,Chark,AB,Y3,SR,charke@school.edu
Koenraad,Berrisford,CS,Y2,FR,berrisk@school.edu
Sheridan,Easthope,CHE,Y2,SO,easthos@school.edu
De witt,Meran,CS,Y4,JR,merand@school.edu
Ruthi,Studeart,BE,Y3,SO,studear@school.edu
Clarissa,De la Perrelle,OE,Y2,JR,de la c@school.edu
Collin,Arthur,PH,Y3,SO,arthurc@school.edu
Alikee,Rodolf,CPE,Y5,SR,rodolfa@school.edu
Ada,Bladon,BE,Y2,FR,bladona@school.edu
Antone,Kendrew,PH,Y4,SR,kendrea@school.edu
Jacenta,Wakeham,BE,Y2,FR,wakehaj@school.edu
Sascha,Tremollet,BE,Y4,JR,tremols@school.edu
Mureil,Pinnock,MA,Y1,SO,pinnocm@school.edu
Uri,Bumphrey,BE,Y2,JR,bumphru@school.edu
Auroora,Crichmere,OE,Y4,JR,crichma@school.edu
Tobye,Lambertini,CPE,Y2,SO,lambert@school.edu
Audy,Reynalds,MA,Y2,SO,reynala@school.edu
Margarete,Renzullo,AB,Y2,SO,renzulm@school.edu
Alikee,Laughrey,PH,Y2,JR,laughra@school.edu
Seline,Reach,CS,Y1,FR,reachs@school.edu
Kari,Iacofo,BE,Y1,FR,iacofok@school.edu
Christi,Priter,CHE,Y3,SR,priterc@school.edu
Francesca,McCormack,CPE,Y3,SO,mccormf@school.edu
Cele,Impey,CPE,Y4,SR,impeyc@school.edu
Yuma,Lidington,CS,Y3,JR,lidingy@school.edu
Kattie,Norman,AB,Y1,SO,normank@school.edu
Nicko,Tennant,CHEM,Y1,SO,tennann@school.edu
Forster,Sherbrook,CHE,Y2,FR,sherbrf@school.edu
Tammie,Divell,CPE,Y2,FR,divellt@school.edu
Philip,Potte,OE,Y1,SO,pottep@school.edu
Pavia,Brainsby,CHEM,Y1,FR,brainsp@school.edu
Donetta,Dunn,CHEM,Y5,SR,dunnd@school.edu
Emelen,Cottrill,CPE,Y2,SO,cottrie@school.edu
Vida,Treeby,CS,Y3,SO,treebyv@school.edu
Brendan,Staten,MA,Y2,FR,statenb@school.edu
Ellerey,Shrive,EE,Y2,JR,shrivee@school.edu
Daphna,Cranmore,BE,Y4,JR,cranmod@school.edu
Gallard,Longbottom,MA,Y1,SO,longbog@school.edu
Allix,McCord,BE,Y2,SO,mccorda@school.edu
Bee,Mashro,CS,Y2,FR,mashrob@school.edu
Leicester,Harness,BE,Y4,SR,harnesl@school.edu
Lyndel,Jeynes,EE,Y4,SR,jeynesl@school.edu
Fleur,Laingmaid,CHEM,Y3,SR,laingmf@school.edu
Tybalt,Pickle,MA,Y2,FR,picklet@school.edu
Sephira,Echallier,BE,Y1,FR,echalls@school.edu
Reed,Rosenfelder,OE,Y3,JR,rosenfr@school.edu
Freeland,Coffelt,CHEM,Y4,JR,coffelf@school.edu
Livy,Danihel,CPE,Y3,SO,danihel@school.edu
Kira,Lamp,CPE,Y2,FR,lampk@school.edu
Melitta,Nisbith,PH,Y1,SO,nisbitm@school.edu
Reinold,Kincey,PH,Y4,SR,kinceyr@school.edu
Ranna,Worcester,CHEM,Y1,SO,worcesr@school.edu
Perl,Damrell,MA,Y5,SR,damrelp@school.edu
Audrye,Twaite,CHE,Y1,FR,twaitea@school.edu
Hilliary,Shakesby,MA,Y4,JR,shakesh@school.edu
Cairistiona,Ronchka,PH,Y3,SO,ronchkc@school.edu
Kimball,Danels,SE,Y2,FR,danelsk@school.edu
Thor,Cluney,OE,Y2,SO,cluneyt@school.edu
Corbet,Scheffel,CHE,Y4,JR,scheffc@school.edu
Phylis,Baffin,AB,Y5,SR,baffinp@school.edu
Reagan,Hanretty,EE,Y1,FR,hanretr@school.edu
Sanson,Cammock,CHE,Y1,SO,cammocs@school.edu
Roderigo,Pecha,AB,Y3,SR,pechar@school.edu
Cecil,Housby,OE,Y5,SR,housbyc@school.edu
Blanch,Lacrouts,BE,Y4,JR,lacroub@school.edu
Brandy,Marshland,CHE,Y1,SO,marshlb@school.edu
Ives,O'Crevy,PH,Y1,FR,o'crevi@school.edu
Cozmo,Eilles,PH,Y5,SR,eillesc@school.edu
Jaynell,Sidebotton,CS,Y2,SO,sideboj@school.edu
Alexandra,O'Crotty,CS,Y2,FR,o'crota@school.edu
Heidi,Stidston,BE,Y3,SO,stidsth@school.edu
Hilary,Sowray,PH,Y3,SO,sowrayh@school.edu
Friederike,Trowsdale,AB,Y3,SO,trowsdf@school.edu
Xerxes,Plinck,AB,Y3,SR,plinckx@school.edu
Jard,Rowbrey,CHEM,Y3,SR,rowbrej@school.edu
Baxter,Piborn,OE,Y1,SO,pibornb@school.edu
Giana,Peiro,EE,Y3,SO,peirog@school.edu
Kori,Dower,PH,Y2,JR,dowerk@school.edu
Darcy,Wortt,MA,Y1,SO,worttd@school.edu
Tulley,Yakob,CPE,Y3,SR,yakobt@school.edu
Oralia,Brind,PH,Y4,JR,brindo@school.edu
Hewett,Storch,MA,Y1,SO,storchh@school.edu
Sisile,Seakin,SE,Y1,FR,seakins@school.edu
Jimmie,Audley,SE,Y2,FR,audleyj@school.edu
Nancie,Jacobs,BE,Y4,JR,jacobsn@school.edu
Hamilton,Tilte,CS,Y3,JR,tilteh@school.edu
Anet,Bellward,CS,Y1,FR,bellwaa@school.edu
Buddie,Reddle,CHE,Y1,FR,reddleb@school.edu
Ninon,Chattaway,CHEM,Y5,SR,chattan@school.edu
Cassandry,Scrinage,CS,Y3,SR,scrinac@school.edu
Turner,Burbridge,CHE,Y2,FR,burbrit@school.edu
Cirstoforo,Newby,CHEM,Y4,JR,newbyc@school.edu
Sylvan,Beddis,MA,Y3,SO,beddiss@school.edu
Myrah,Dieton,CPE,Y2,FR,dietonm@school.edu
Billy,Vamplus,BE,Y3,SR,vamplub@school.edu
Moreen,Glassborow,MA,Y3,JR,glassbm@school.edu
Berri,Esherwood,CPE,Y2,FR,esherwb@school.edu
Alister,Murphy,BE,Y2,SO,murphya@school.edu
Ailene,Cheales,BE,Y3,SR,chealea@school.edu
Lizzy,Orpyne,MA,Y2,FR,orpynel@school.edu
Guinna,Taylor,CPE,Y1,FR,taylorg@school.edu
Alvan,Sim,PH,Y1,SO,sima@school.edu
Fiorenze,Groucock,SE,Y5,SR,groucof@school.edu
Melisa,Getch,MA,Y2,FR,getchm@school.edu
Zelda,Barkess,BE,Y1,FR,barkesz@school.edu
Selia,Brindle,SE,Y2,FR,brindls@school.edu
Rayna,Baccup,CS,Y2,FR,baccupr@school.edu
Ginny,Dragonette,OE,Y2,FR,dragong@school.edu
Aristotle,Pillans,SE,Y2,SO,pillana@school.edu
Maurine,Ashforth,AB,Y3,SR,ashform@school.edu
Fredrika,Matthieson,CHE,Y4,SR,matthif@school.edu
Kevyn,Booker,PH,Y4,SR,bookerk@school.edu
Maurie,Meadley,SE,Y5,SR,meadlem@school.edu
Jannelle,Higounet,AB,Y3,SO,higounj@school.edu
Karon,Freckingham,CHE,Y3,JR,freckik@school.edu
Eloisa,Dafydd,CPE,Y3,SR,dafydde@school.edu
Laryssa,Krienke,AB,Y5,SR,krienkl@school.edu
Lynnelle,Perigoe,MA,Y2,JR,perigol@school.edu
Tomasine,Stuchberry,PH,Y4,SR,stuchbt@school.edu
Grantley,Rawkesby,AB,Y3,SR,rawkesg@school.edu
Joan,Placidi,SE,Y1,SO,placidj@school.edu
Malory,Emons,CS,Y3,SR,emonsm@school.edu
Petra,Jeffs,BE,Y2,SO,jeffsp@school.edu
Amandy,Windrass,PH,Y3,JR,windraa@school.edu
Svend,Wyant,PH,Y2,FR,wyants@school.edu
Galina,Fairhurst,CS,Y5,SR,fairhug@school.edu
Genna,Galliver,EE,Y2,FR,gallivg@school.edu
Haskel,O'Hickey,EE,Y1,SO,o'hickh@school.edu
Sigismundo,Reuter,AB,Y3,JR,reuters@school.edu
Lindie,Renwick,AB,Y4,JR,renwicl@school.edu
Damian,Lean,CS,Y2,SO,leand@school.edu
Barnard,Shorrock,CHEM,Y3,SO,shorrob@school.edu
Rebekkah,Jaggli,AB,Y5,SR,jagglir@school.edu
Olly,Dunwoody,CS,Y1,FR,dunwooo@school.edu
Holt,Tooth,SE,Y5,SR,toothh@school.edu
Jilly,McKendo,CPE,Y2,FR,mckendj@school.edu
Ula,Lanbertoni,EE,Y4,JR,lanberu@school.edu
Colman,Hutchinges,CHEM,Y2,FR,hutchic@school.edu
Roscoe,Braidley,MA,Y3,SO,braidlr@school.edu
Jarib,Bunson,MA,Y4,SR,bunsonj@school.edu
Patrizia,Van den Velden,CHEM,Y2,JR,van dep@school.edu
Abbye,Hillborne,CPE,Y2,FR,hillboa@school.edu
Jessalin,Rockey,OE,Y2,JR,rockeyj@school.edu
Valry,Aldwich,CPE,Y1,SO,aldwicv@school.edu
Arte,Duffell,EE,Y3,SO,duffela@school.edu
Minna,Linbohm,SE,Y5,SR,linbohm@school.edu
Jess,Humpherston,CHE,Y2,FR,humphej@school.edu
Paulo,Knight,AB,Y2,FR,knightp@school.edu
Ezri,McDaid,AB,Y2,SO,mcdaide@school.edu
Cherida,Ryhorovich,CPE,Y1,FR,ryhoroc@school.edu
Merrie,Hurdidge,CS,Y3,SR,hurdidm@school.edu
Gae,Mattedi,CHEM,Y2,SO,mattedg@school.edu
Tuck,McCarlie,CHE,Y2,FR,mccarlt@school.edu
Courtney,Scotting,AB,Y1,FR,scottic@school.edu
Tommi,Dilston,BE,Y2,FR,dilstot@school.edu
Noach,Glaze,BE,Y3,SO,glazen@school.edu
Kimberley,Domenicone,AB,Y1,SO,domenik@school.edu
Nikola,Libreros,MA,Y5,SR,librern@school.edu
Jeremias,Strowthers,CHEM,Y3,SO,strowtj@school.edu
Luise,Gaine of England,PH,Y5,SR,gaine l@school.edu
Tiphanie,Counsell,CHEM,Y1,FR,counset@school.edu
Rosabel,Shepperd,EE,Y2,FR,shepper@school.edu
Jolyn,Kanzler,SE,Y1,SO,kanzlej@school.edu
Olly,Caseborne,OE,Y1,FR,caseboo@school.edu
Ezekiel,Pods,EE,Y3,JR,podse@school.edu
Greer,Cleugher,AB,Y4,JR,cleughg@school.edu
Gina,Jacqueme,CS,Y3,SR,jacqueg@school.edu
Shaughn,Glas,CPE,Y3,SR,glass@school.edu
Irene,Lindemann,CS,Y4,SR,lindemi@school.edu
Katleen,Densey,OE,Y3,SO,denseyk@school.edu
Caterina,Bossingham,SE,Y4,JR,bossinc@school.edu
Andie,Tungay,BE,Y3,JR,tungaya@school.edu
Angus,Algore,EE,Y3,SR,algorea@school.edu
Maggi,Leak,CPE,Y1,SO,leakm@school.edu
Carney,Henrys,BE,Y1,FR,henrysc@school.edu
Ronica,Baumaier,AB,Y1,SO,baumair@school.edu
Marty,Awde,CS,Y3,JR,awdem@school.edu
Sylvan,Perrelli,BE,Y4,JR,perrels@school.edu
Brocky,Antushev,CS,Y1,FR,antushb@school.edu
Shea,Sproule,EE,Y2,FR,sprouls@school.edu
Woodie,Giffon,OE,Y1,FR,giffonw@school.edu
Nicol,Wissby,CPE,Y3,SR,wissbyn@school.edu
Emera,Bradwell,CHE,Y5,SR,bradwee@school.edu
Foster,Rosnau,CHE,Y3,SR,rosnauf@school.edu
Juditha,Livens,CS,Y2,JR,livensj@school.edu
Josselyn,Reyna,CPE,Y1,SO,reynaj@school.edu
Ellette,Fowle,BE,Y4,SR,fowlee@school.edu
Evangeline,Longland,CHEM,Y3,JR,longlae@school.edu
Kip,Penrose,PH,Y4,JR,penrosk@school.edu
Claudelle,Gowenlock,OE,Y3,SO,gowenlc@school.edu
Faustina,Grimsdike,AB,Y1,FR,grimsdf@school.edu
Jdavie,Hellard,AB,Y3,JR,hellarj@school.edu
Allie,Snarie,SE,Y2,FR,snariea@school.edu
Jaimie,Vautrey,AB,Y3,JR,vautrej@school.edu
Yoko,Grennan,OE,Y5,SR,grennay@school.edu
Dill,Mettrick,AB,Y4,JR,mettrid@school.edu
Garnette,Ladley,EE,Y1,SO,ladleyg@school.edu
Ozzie,Palfreyman,BE,Y4,SR,palfreo@school.edu
Lanny,Kobierzycki,SE,Y3,JR,kobierl@school.edu
Marne,Diament,EE,Y2,FR,diamenm@school.edu
Elinore,Joubert,EE,Y3,SO,joubere@school.edu
Elisabeth,Du Hamel,BE,Y2,JR,du hame@school.edu
Kipper,Rallin,MA,Y4,JR,rallink@school.edu
Reggi,Heffernon,OE,Y2,JR,hefferr@school.edu
Melita,Kloser,MA,Y2,JR,kloserm@school.edu
Maurizia,Dahlen,SE,Y3,SR,dahlenm@school.edu
Zandra,Roswarn,CPE,Y1,FR,roswarz@school.edu
Kerrie,Renad,CS,Y1,SO,renadk@school.edu
Matthieu,Coats,CHE,Y2,JR,coatsm@school.edu
Mary,Fairburne,OE,Y3,SO,fairbum@school.edu
Deloris,Shorthill,CPE,Y2,FR,shorthd@school.edu
Travers,Stegel,OE,Y3,JR,stegelt@school.edu
Kassey,Coonihan,EE,Y2,FR,coonihk@school.edu
Noby,Baptie,EE,Y3,SO,baptien@school.edu
Kendre,Brychan,CHE,Y4,JR,brychak@school.edu
Tasha,Freschi,CHE,Y2,FR,frescht@school.edu
Kory,Learie,CS,Y1,SO,leariek@school.edu
Virgil,McCrie,CHE,Y4,JR,mccriev@school.edu
Cherri,Stennett,SE,Y4,SR,stennec@school.edu
Karlan,Olsen,CPE,Y3,SR,olsenk@school.edu
Stephani,Parkman,OE,Y2,SO,parkmas@school.edu
Hilliard,Simonard,EE,Y3,SO,simonah@school.edu
Mira,Wilsone,EE,Y5,SR,wilsonm@school.edu
Karilynn,Soppitt,CPE,Y2,FR,soppitk@school.edu
Ronny,Faas,PH,Y1,FR,faasr@school.edu
Bettye,Durdle,AB,Y1,SO,durdleb@school.edu
Thacher,Worgan,EE,Y2,JR,worgant@school.edu
Vittoria,Hammerton,PH,Y4,JR,hammerv@school.edu
Lizzy,Askey,CHE,Y1,FR,askeyl@school.edu
Mariejeanne,Kilkenny,CS,Y3,SR,kilkenm@school.edu
Freddy,Francescotti,CPE,Y3,SO,francef@school.edu
Daryl,Tattersfield,AB,Y2,JR,tatterd@school.edu
Winfred,McGifford,CPE,Y2,JR,mcgiffw@school.edu
Tobin,Morritt,OE,Y4,JR,morritt@school.edu
Beverlie,Quincee,OE,Y5,SR,quinceb@school.edu
Ginny,Yanyshev,EE,Y3,SR,yanyshg@school.edu
Ingaborg,Zannuto,EE,Y1,SO,zannuti@school.edu
Arvin,Adrian,CHEM,Y4,JR,adriana@school.edu
Caleb,Blamey,MA,Y3,SR,blameyc@school.edu
Isobel,Simms,SE,Y2,FR,simmsi@school.edu
Matthew,Jepensen,MA,Y3,JR,jepensm@school.edu
Casie,Stichel,MA,Y1,FR,stichec@school.edu
Ashton,Aloshikin,CPE,Y3,JR,aloshia@school.edu
Benoit,Kalinsky,AB,Y4,SR,kalinsb@school.edu
Paolo,Turton,PH,Y2,FR,turtonp@school.edu
Donavon,Pennycook,OE,Y1,FR,pennycd@school.edu
Lamond,Pagel,BE,Y1,SO,pagell@school.edu
Amandy,Saffer,CHE,Y1,FR,saffera@school.edu
Alastair,Dreier,PH,Y2,JR,dreiera@school.edu
Devan,Sarra,SE,Y4,SR,sarrad@school.edu
Erminie,Degli Antoni,OE,Y5,SR,degli e@school.edu
Wendye,Cordova,BE,Y3,JR,cordovw@school.edu
Niles,Sarjent,CHEM,Y3,JR,sarjenn@school.edu
Dayna,Aldwinckle,AB,Y5,SR,aldwind@school.edu
Anatol,Spaven,CS,Y2,SO,spavena@school.edu
Carolynn,Buggs,SE,Y1,FR,buggsc@school.edu
Alastair,Colton,MA,Y1,FR,coltona@school.edu
Nady,Lyngsted,CS,Y2,JR,lyngstn@school.edu
Melamie,Wadman,OE,Y5,SR,wadmanm@school.edu
George,Kimmings,CS,Y2,FR,kimming@school.edu
Montgomery,Kryszkiecicz,AB,Y5,SR,kryszkm@school.edu
Zacharie,Stedell,OE,Y1,FR,stedelz@school.edu
Franky,Goulstone,OE,Y3,JR,goulstf@school.edu
Elisha,Isoldi,OE,Y1,FR,isoldie@school.edu
Rozamond,Lambden,SE,Y2,FR,lambder@school.edu
Maryanne,Monteath,EE,Y4,SR,monteam@school.edu
Packston,Hollows,CPE,Y2,FR,hollowp@school.edu
Ginevra,Edgecumbe,CHEM,Y3,SO,edgecug@school.edu
Linnet,Castane,MA,Y4,SR,castanl@school.edu
Joyann,Bransdon,BE,Y3,SR,bransdj@school.edu
Wanids,Sleite,CPE,Y2,SO,sleitew@school.edu
Ulick,Connick,CHEM,Y3,SO,connicu@school.edu
Paolo,Charer,BE,Y1,SO,charerp@school.edu
Hakeem,Andrioletti,CHE,Y2,JR,andrioh@school.edu
Vilma,Danet,CHEM,Y1,FR,danetv@school.edu
Molli,Kohlert,CHE,Y5,SR,kohlerm@school.edu
Dari,Partner,BE,Y4,SR,partned@school.edu
Nikos,Wellwood,MA,Y4,JR,wellwon@school.edu
Analise,Elsom,CHEM,Y2,SO,elsoma@school.edu
Eleonore,Giffin,BE,Y1,FR,giffine@school.edu
Thane,Moxstead,CHE,Y5,SR,moxstet@school.edu
Padget,Boswood,CHE,Y3,JR,boswoop@school.edu
Marty,Padginton,OE,Y1,FR,padginm@school.edu
Pauletta,Pessler,CS,Y3,SR,pesslep@school.edu
Fernande,Braxton,MA,Y2,FR,braxtof@school.edu
Mordecai,Colleran,EE,Y1,FR,collerm@school.edu
Gideon,Hearthfield,BE,Y4,JR,hearthg@school.edu
Odie,Kneaphsey,MA,Y2,FR,kneapho@school.edu
Aurelia,Grayling,SE,Y4,JR,graylia@school.edu
Monty,Tapton,PH,Y1,FR,taptonm@school.edu
Perri,Eason,CPE,Y3,SO,easonp@school.edu
Donielle,Flaxman,CHE,Y1,FR,flaxmad@school.edu
Enoch,Follen,CS,Y5,SR,follene@school.edu
Vivyan,Larive,CHE,Y5,SR,larivev@school.edu
Dorine,Lamzed,PH,Y3,SR,lamzedd@school.edu
Luigi,Cock,CHEM,Y1,FR,cockl@school.edu
Mira,Lambell,CS,Y2,FR,lambelm@school.edu
Karrie,Bysh,MA,Y3,SO,byshk@school.edu
Kleon,Orht,BE,Y1,FR,orhtk@school.edu
Glyn,Fearn,CHEM,Y5,SR,fearng@school.edu
Nickola,Kennon,AB,Y4,SR,kennonn@school.edu
Klement,Osipenko,BE,Y3,SR,osipenk@school.edu
Sydelle,McLaughlan,MA,Y2,FR,mclaugs@school.edu
Fenelia,Hattam,OE,Y4,SR,hattamf@school.edu
Jena,Betho,AB,Y3,JR,bethoj@school.edu
Willyt,Squires,AB,Y3,SO,squirew@school.edu
Curran,Delacroux,CHE,Y5,SR,delacrc@school.edu
Norton,Duddridge,CHE,Y2,FR,duddrin@school.edu
Walker,Brizell,OE,Y1,SO,brizelw@school.edu
Rodrick,Bleeze,OE,Y2,FR,bleezer@school.edu
Ricki,Brunone,AB,Y1,FR,brunonr@school.edu
Fae,Horbart,AB,Y3,SO,horbarf@school.edu
Dougie,Storrie,BE,Y2,JR,storrid@school.edu
Dari,Carp,CPE,Y1,FR,carpd@school.edu
Rodolfo,McLese,PH,Y4,JR,mcleser@school.edu
Bibby,Annets,PH,Y3,SO,annetsb@school.edu
Raimund,Curd,EE,Y3,SO,curdr@school.edu
Andriette,Larby,CHE,Y2,FR,larbya@school.edu
Tabbie,Fawkes,PH,Y4,JR,fawkest@school.edu
Jaquith,Sach,CS,Y2,FR,sachj@school.edu
Lyon,Oldroyd,BE,Y2,SO,oldroyl@school.edu
Obadiah,Walthew,MA,Y3,SO,waltheo@school.edu
Ema,Annett,BE,Y3,JR,annette@school.edu
Zsazsa,Beach,CS,Y4,SR,beachz@school.edu
Samuel,Bonome,MA,Y1,FR,bonomes@school.edu
Rodolphe,Entwisle,MA,Y1,FR,entwisr@school.edu
Greg,Smith,CS,Y3,JR,smithg@school.edu
Yancey,Burbridge,MA,Y2,FR,burbriy@school.edu
Judas,Marshallsay,CHEM,Y1,SO,marshaj@school.edu
Theo,McKendo,CHEM,Y4,SR,mckendt@school.edu
Nickolai,Graben,EE,Y3,JR,grabenn@school.edu
Shayna,Janoschek,MA,Y2,JR,janoscs@school.edu
Guglielma,Kenn,EE,Y2,SO,kenng@school.edu
Vanya,Gillean,SE,Y2,FR,gilleav@school.edu
Magdalene,Godball,CHE,Y2,JR,godbalm@school.edu
Jaimie,Swaile,MA,Y4,SR,swailej@school.edu
Van,Coils,CHE,Y3,SO,coilsv@school.edu
Maurise,Luxford,CPE,Y2,JR,luxform@school.edu
Merci,Sander,EE,Y2,FR,sanderm@school.edu
Lincoln,McArthur,PH,Y1,FR,mcarthl@school.edu
Reginauld,Stigers,CHE,Y1,FR,stigerr@school.edu
Rheba,Govier,CPE,Y1,FR,govierr@school.edu
Niccolo,Cristoferi,BE,Y3,SO,criston@school.edu
Rozanna,Hanbury,PH,Y2,FR,hanburr@school.edu
Gus,Zecchetti,CPE,Y3,SR,zeccheg@school.edu
Katharina,Chill,MA,Y2,JR,chillk@school.edu
Zared,Monkman,OE,Y1,SO,monkmaz@school.edu
Tonie,Kurten,CS,Y2,SO,kurtent@school.edu
Joanna,Yashanov,SE,Y1,FR,yashanj@school.edu
Moshe,Landrieu,PH,Y1,FR,landrim@school.edu
Goran,Warfield,CHEM,Y4,JR,warfieg@school.edu
Batsheva,Abrams,OE,Y1,FR,abramsb@school.edu
Shirley,Priestner,OE,Y2,FR,priests@school.edu
Jonis,Plaistowe,AB,Y1,FR,plaistj@school.edu
Dannie,MacCrackan,EE,Y1,FR,maccrad@school.edu
Massimo,Thorlby,SE,Y5,SR,thorlbm@school.edu
Trudi,Lacaze,AB,Y2,FR,lacazet@school.edu
Selby,Sukbhans,BE,Y3,JR,sukbhas@school.edu
Georgie,Willwood,PH,Y2,SO,willwog@school.edu
Wiley,Piscotti,CHE,Y2,JR,piscotw@school.edu
Elmore,Corder,CPE,Y5,SR,cordere@school.edu
Devon,Mattis,CPE,Y4,SR,mattisd@school.edu
Broderic,Baker,CPE,Y5,SR,bakerb@school.edu
Ilse,Clampett,CS,Y2,FR,clampei@school.edu
Debera,Heifer,CHE,Y2,FR,heiferd@school.edu
Vivyan,Furzer,CS,Y5,SR,furzerv@school.edu
Milt,Simonich,BE,Y2,FR,simonim@school.edu
Maryrose,Espinal,SE,Y5,SR,espinam@school.edu
Eamon,Snawdon,EE,Y5,SR,snawdoe@school.edu
Harlene,Treversh,PH,Y4,JR,treverh@school.edu
Katlin,La Croce,CHEM,Y4,SR,la crok@school.edu
Errol,McCague,MA,Y1,FR,mccague@school.edu
Chadd,Filer,PH,Y3,JR,filerc@school.edu
Mychal,Marns,CPE,Y5,SR,marnsm@school.edu
Sly,Babber,OE,Y3,JR,babbers@school.edu
Hashim,Rosier,MA,Y1,FR,rosierh@school.edu
Gerladina,Dundredge,OE,Y4,SR,dundreg@school.edu
Hugo,Boorman,EE,Y5,SR,boormah@school.edu
Katleen,Ridd,AB,Y3,JR,riddk@school.edu
Jakie,Sherborn,CHE,Y2,FR,sherboj@school.edu
Gerardo,Reddyhoff,CPE,Y5,SR,reddyhg@school.edu
Rivy,Otridge,EE,Y5,SR,otridgr@school.edu
Nelly,Fazackerley,CS,Y2,FR,fazackn@school.edu
Maybelle,Formilli,OE,Y2,SO,formilm@school.edu
Salvatore,Warkup,CHEM,Y3,JR,warkups@school.edu
Haskel,Kibblewhite,OE,Y1,FR,kibbleh@school.edu
Demetre,Alyonov,CPE,Y3,SO,alyonod@school.edu
Tammy,Keeves,OE,Y3,SO,keevest@school.edu
Dimitri,Colecrough,CHE,Y4,SR,colecrd@school.edu
Andriette,Huttley,CS,Y2,SO,huttlea@school.edu
Blane,Wheatcroft,CHE,Y2,FR,wheatcb@school.edu
Janeczka,Asker,EE,Y2,FR,askerj@school.edu
Gertrud,Benyon,BE,Y2,FR,benyong@school.edu
Ilsa,Baroch,CPE,Y2,SO,barochi@school.edu
Nixie,Doberer,MA,Y4,JR,doberen@school.edu
Royal,Medler,CS,Y3,SR,medlerr@school.edu
Mort,Worrill,CHEM,Y1,FR,worrilm@school.edu
Norton,Asmus,EE,Y3,SO,asmusn@school.edu
Korie,Kachel,CHE,Y3,SR,kachelk@school.edu
Jeno,Brittles,AB,Y3,SR,brittlj@school.edu
Robinett,Merrison,CS,Y4,JR,merrisr@school.edu
Melody,Gierok,AB,Y5,SR,gierokm@school.edu
Jeannie,Galland,EE,Y1,SO,gallanj@school.edu
Morgan,Venard,EE,Y1,FR,venardm@school.edu
Tammie,Luparto,SE,Y3,SO,lupartt@school.edu
Lexis,Knutton,BE,Y2,FR,knuttol@school.edu
Willey,Enderwick,OE,Y4,JR,enderww@school.edu
Dyann,Wawer,CHEM,Y2,JR,wawerd@school.edu
Tessie,Kellogg,CPE,Y2,SO,kellogt@school.edu
Tristam,Belfrage,EE,Y3,JR,belfrat@school.edu
Ermengarde,Butler-Bowdon,SE,Y4,SR,butlere@school.edu
Bernice,Soggee,AB,Y5,SR,soggeeb@school.edu
Bronny,Illes,CS,Y4,SR,illesb@school.edu
Imelda,Calkin,AB,Y4,JR,calkini@school.edu
Linnie,Charnock,SE,Y1,SO,charnol@school.edu
Michail,Aldins,OE,Y2,JR,aldinsm@school.edu
Suzy,Wolseley,CHEM,Y1,SO,wolsels@school.edu
Wayland,Rickeard,MA,Y1,FR,rickeaw@school.edu
Zebadiah,Rambaut,CHEM,Y3,JR,rambauz@school.edu
Theodosia,Burnsall,EE,Y4,JR,burnsat@school.edu
Aigneis,Watting,SE,Y2,FR,wattina@school.edu
Broddy,Kareman,PH,Y3,SO,karemab@school.edu
Verena,Meneely,AB,Y2,JR,meneelv@school.edu
Gavan,Leyfield,BE,Y3,SR,leyfieg@school.edu
Selene,Gordge,SE,Y1,FR,gordges@school.edu
Camel,Doxsey,SE,Y2,JR,doxseyc@school.edu
Bell,Yallowley,OE,Y4,SR,yallowb@school.edu
Meggie,Cockland,CHE,Y2,JR,cocklam@school.edu
Sande,Humphries,OE,Y2,SO,humphrs@school.edu
Lucilia,Babb,OE,Y2,FR,babbl@school.edu
Jere,Pincked,CHEM,Y4,JR,pinckej@school.edu
Burk,Angrave,CHE,Y1,SO,angravb@school.edu
Florrie,Kopecka,BE,Y2,FR,kopeckf@school.edu
Alyda,Rawes,EE,Y2,SO,rawesa@school.edu
Ketti,Silbert,OE,Y5,SR,silberk@school.edu
Anna-diana,Schutte,AB,Y3,SR,schutta@school.edu
Greggory,Ledger,PH,Y4,JR,ledgerg@school.edu
Padriac,Goodhand,CHEM,Y1,FR,goodhap@school.edu
Blakeley,Bartul,AB,Y3,SR,bartulb@school.edu
Annamaria,Hansley,AB,Y2,SO,hanslea@school.edu
Gawen,Bolley,CHE,Y1,FR,bolleyg@school.edu
Minne,Shapero,OE,Y3,SR,shaperm@school.edu
Jewell,Kunisch,PH,Y4,SR,kuniscj@school.edu
Bennie,Stenning,BE,Y2,SO,stennib@school.edu
Maxine,Wewell,OE,Y3,JR,wewellm@school.edu
Adlai,Dablin,CS,Y1,FR,dablina@school.edu
Orrin,Danihelka,CS,Y2,JR,daniheo@school.edu
Greg,Kildahl,AB,Y4,SR,kildahg@school.edu
Teresina,Mosedall,EE,Y1,SO,mosedat@school.edu
Catie,Zecchetti,SE,Y5,SR,zecchec@school.edu
Regina,Redholls,MA,Y2,JR,redholr@school.edu
Lenee,Goldston,OE,Y4,JR,goldstl@school.edu
Jeremie,Rapsey,PH,Y1,FR,rapseyj@school.edu
Cathy,Crowdy,CHEM,Y2,SO,crowdyc@school.edu
Stanislaw,Filoniere,CPE,Y4,JR,filonis@school.edu
Kevan,Bullar,MA,Y5,SR,bullark@school.edu
Emyle,Spens,CHE,Y2,FR,spense@school.edu
Janine,Sydes,EE,Y3,SR,sydesj@school.edu
Hermina,Parsonson,OE,Y2,FR,parsonh@school.edu
Chiarra,Willbourne,SE,Y3,JR,willboc@school.edu
Margot,Mather,BE,Y5,SR,matherm@school.edu
Aretha,Lampl,AB,Y2,JR,lampla@school.edu
Nappy,Haylock,CPE,Y3,SR,haylocn@school.edu
Michaela,Lysons,PH,Y2,JR,lysonsm@school.edu
Pierson,Bradwell,BE,Y2,SO,bradwep@school.edu
Ileane,Beaford,AB,Y2,FR,beafori@school.edu
Happy,Keddie,CPE,Y5,SR,keddieh@school.edu
Greg,Smith,CS,Y3,JR,smithg2@school.edu
Mab,Schimann,PH,Y2,SO,schimam@school.edu
Cody,Dedon,CHEM,Y4,SR,dedonc@school.edu
Henka,Brewood,EE,Y3,SO,brewooh@school.edu
Merrill,Gilliard,EE,Y3,SO,gilliam@school.edu
Marybeth,Cobbe,OE,Y3,SO,cobbem@school.edu
Dorri,Lafflina,BE,Y2,JR,lafflid@school.edu
Nil,Guisot,AB,Y5,SR,guisotn@school.edu
Gwennie,Pippin,CHEM,Y4,SR,pipping@school.edu
Webster,Pickford,EE,Y2,JR,pickfow@school.edu
Tallie,Catto,EE,Y1,SO,cattot@school.edu
Fianna,Witt,EE,Y3,SR,wittf@school.edu
Wallie,Bramsom,MA,Y2,JR,bramsow@school.edu
Wilow,Scolts,MA,Y2,FR,scoltsw@school.edu
Ansell,Errichelli,MA,Y1,FR,erricha@school.edu
Genni,Skace,SE,Y2,SO,skaceg@school.edu
Consuelo,Wyss,AB,Y2,SO,wyssc@school.edu
Yardley,Rizzotto,SE,Y2,SO,rizzoty@school.edu
